Department,Url
ACCIDENT AND EMERGENCY,#
ANAESTHESIA,https://www.cmch-vellore.edu/DeptContent.aspx?dept=156
ANATOMY,https://www.cmch-vellore.edu/DeptContent.aspx?dept=109
BIOCHEMISTRY,https://www.cmch-vellore.edu/DeptContent.aspx?dept=149
BIOENGINEERING,https://www.cmch-vellore.edu/DeptContent.aspx?dept=150
BIOSTATISTICS,https://www.cmch-vellore.edu/DeptContent.aspx?dept=097
CARDIO THORACIC SURGERY,https://www.cmch-vellore.edu/DeptContent.aspx?dept=158
CARDIOLOGY,https://www.cmch-vellore.edu/DeptContent.aspx?dept=113
CENTRE FOR STEM  CELL RESEARCH,https://www.cmch-vellore.edu/DeptContent.aspx?dept=068
CHAPLAINCY,https://www.cmch-vellore.edu/DeptContent.aspx?dept=144
CHILD HEALTH/PAEDIATRICS,https://www.cmch-vellore.edu/DeptContent.aspx?dept=074
CHIPS,https://www.cmch-vellore.edu/DeptContent.aspx?dept=116
CLINICAL BIOCHEMISTRY,https://www.cmch-vellore.edu/DeptContent.aspx?dept=075
CLINICAL EPIDEMIOLOGY,https://www.cmch-vellore.edu/DeptContent.aspx?dept=652
CLINICAL MICROBIOLOGY,#
CLINICAL VIROLOGY,https://www.cmch-vellore.edu/DeptContent.aspx?dept=071
COMMUNITY HEALTH DEPARTMENT,https://www.cmch-vellore.edu/DeptContent.aspx?dept=162
CYTOGENETICS,#
DENTAL AND ORAL SURGERY,https://www.cmch-vellore.edu/DeptContent.aspx?dept=163
DERMATOLOGY,https://www.cmch-vellore.edu/DeptContent.aspx?dept=164
DIETARY,https://www.cmch-vellore.edu/DeptContent.aspx?dept=125
DIRECTORATE,#
E.N.T,https://www.cmch-vellore.edu/DeptContent.aspx?dept=013
ELECTRICAL,https://www.cmch-vellore.edu/DeptContent.aspx?dept=277
ENDOCRINOLOGY,https://www.cmch-vellore.edu/DeptContent.aspx?dept=168
ENGINEERING,#
FAMILY MEDICINE,https://www.cmch-vellore.edu/DeptContent.aspx?dept=014
FORENSIC MEDICINE,https://www.cmch-vellore.edu/DeptContent.aspx?dept=015
GASTROENTEROLOGY,https://www.cmch-vellore.edu/DeptContent.aspx?dept=121
GENERAL PATHOLOGY,#
GERIATRICS,https://www.cmch-vellore.edu/DeptContent.aspx?dept=630
GYNAECOLOGIC ONCOLOGY,https://www.cmch-vellore.edu/DeptContent.aspx?dept=853
HAEMATOLOGY,https://www.cmch-vellore.edu/DeptContent.aspx?dept=017
HLRS - HAND & LEPROSY RECONSTRUCTIVE SURGERY,#
HOSPITAL MANAGEMENT STUDIES AND STAFF TRAINING,https://www.cmch-vellore.edu/DeptContent.aspx?dept=665
INFECTIOUS DISEASES,https://www.cmch-vellore.edu/DeptContent.aspx?dept=839
LIBRARY,https://www.cmch-vellore.edu/DeptContent.aspx?dept=151
MATERIALS,https://www.cmch-vellore.edu/DeptContent.aspx?dept=022
MEDICAL EDUCATION,https://www.cmch-vellore.edu/DeptContent.aspx?dept=880
MEDICAL GENETICS,https://www.cmch-vellore.edu/DeptContent.aspx?dept=023
MEDICAL ONCOLOGY,#
MEDICAL RECORDS,https://www.cmch-vellore.edu/DeptContent.aspx?dept=025
MEDICINE,https://www.cmch-vellore.edu/DeptContent.aspx?dept=370
NEONATOLOGY,https://www.cmch-vellore.edu/DeptContent.aspx?dept=029
NEPHROLOGY,https://www.cmch-vellore.edu/DeptContent.aspx?dept=102
NEUROSCIENCES,https://www.cmch-vellore.edu/sites/neuro/index.html
NUCLEAR MEDICINE,https://www.cmch-vellore.edu/DeptContent.aspx?dept=131
OBSTETRICS AND GYNAECOLOGY,https://www.cmch-vellore.edu/DeptContent.aspx?dept=110
OPHTHALMOLOGY,https://www.cmch-vellore.edu/DeptContent.aspx?dept=138
ORTHOPAEDICS,#
PAEDIATRIC SURGERY,https://www.cmch-vellore.edu/DeptContent.aspx?dept=056
PHARMACOLOGY AND CLINICAL PHARMACOLOGY,https://www.cmch-vellore.edu/DeptContent.aspx?dept=114
PHARMACY,https://www.cmch-vellore.edu/DeptContent.aspx?dept=078
PHYSICAL MEDICINE AND REHABILITATION,https://www.cmch-vellore.edu/DeptContent.aspx?dept=058
PHYSIOLOGY,https://www.cmch-vellore.edu/DeptContent.aspx?dept=112
PLASTIC SURGERY,https://www.cmch-vellore.edu/DeptContent.aspx?dept=057
PSYCHIATRY,https://www.cmch-vellore.edu/DeptContent.aspx?dept=062
PULMONARY MEDICINE,https://www.cmch-vellore.edu/DeptContent.aspx?dept=063
RADIOLOGY,https://www.cmch-vellore.edu/DeptContent.aspx?dept=120
RADIOTHERAPY,https://www.cmch-vellore.edu/DeptContent.aspx?dept=064
REPRODUCTIVE MEDICINE,https://www.cmch-vellore.edu/DeptContent.aspx?dept=065
RHEUMATOLOGY,https://www.cmch-vellore.edu/DeptContent.aspx?dept=027
RUHSA,https://www.cmch-vellore.edu/DeptContent.aspx?dept=066
STAFF AND STUDENT HEALTH SERVICE,https://www.cmch-vellore.edu/DeptContent.aspx?dept=366
SURGERY,https://www.cmch-vellore.edu/DeptContent.aspx?dept=069
TRANSFUSION MEDICINE AND IMMUNO HAEMATOLOGY,https://www.cmch-vellore.edu/DeptContent.aspx?dept=118
